Non-communicative,Repository,Family,Outside
0.303485466179825,0.128449751479835,0.341612038156691,0.226452744183649
